{
    "context_hate": [
        {
            "eval_loss": 0.08282887935638428,
            "eval_calls_f1": 0.5980392156862745,
            "eval_women_f1": 0.4035714285714286,
            "eval_lgbti_f1": 0.46938775510204084,
            "eval_racism_f1": 0.6449760765550239,
            "eval_class_f1": 0.4507042253521127,
            "eval_politics_f1": 0.580327868852459,
            "eval_disabled_f1": 0.4584717607973422,
            "eval_appearance_f1": 0.6869671132764921,
            "eval_criminal_f1": 0.6072772898368882,
            "eval_mean_f1": 0.544413685798645,
            "eval_mean_precision": 0.5163614749908447,
            "eval_mean_recall": 0.5789512991905212,
            "eval_hate_precision": 0.6328600405679513,
            "eval_hate_recall": 0.6944908180300501,
            "eval_hate_f1": 0.6622446272220748,
            "eval_runtime": 35.912,
            "eval_samples_per_second": 315.855,
            "eval_steps_per_second": 19.743
        },
        {
            "eval_loss": 0.0820653885602951,
            "eval_calls_f1": 0.6029173419773095,
            "eval_women_f1": 0.42732049036777586,
            "eval_lgbti_f1": 0.4673366834170854,
            "eval_racism_f1": 0.6304347826086957,
            "eval_class_f1": 0.4444444444444444,
            "eval_politics_f1": 0.5979381443298969,
            "eval_disabled_f1": 0.44516129032258067,
            "eval_appearance_f1": 0.7054545454545454,
            "eval_criminal_f1": 0.6301020408163265,
            "eval_mean_f1": 0.5501232743263245,
            "eval_mean_precision": 0.515468180179596,
            "eval_mean_recall": 0.5928707122802734,
            "eval_hate_precision": 0.6408700050581689,
            "eval_hate_recall": 0.7050639955481358,
            "eval_hate_f1": 0.6714361420243773,
            "eval_runtime": 36.1112,
            "eval_samples_per_second": 314.113,
            "eval_steps_per_second": 19.634
        },
        {
            "eval_loss": 0.08691227436065674,
            "eval_calls_f1": 0.5913312693498453,
            "eval_women_f1": 0.4082332761578045,
            "eval_lgbti_f1": 0.45023696682464454,
            "eval_racism_f1": 0.6287262872628726,
            "eval_class_f1": 0.44745762711864406,
            "eval_politics_f1": 0.5728476821192052,
            "eval_disabled_f1": 0.4721311475409836,
            "eval_appearance_f1": 0.6982968369829684,
            "eval_criminal_f1": 0.5761006289308176,
            "eval_mean_f1": 0.5383735299110413,
            "eval_mean_precision": 0.49802365899086,
            "eval_mean_recall": 0.5887877941131592,
            "eval_hate_precision": 0.6135241855873642,
            "eval_hate_recall": 0.6917084028937117,
            "eval_hate_f1": 0.6502746534135495,
            "eval_runtime": 35.9074,
            "eval_samples_per_second": 315.896,
            "eval_steps_per_second": 19.745
        }
    ],
    "hate": [
        {
            "eval_loss": 0.6341549158096313,
            "eval_ok_f1": 0.7630385487528345,
            "eval_ok_precision": 0.816747572815534,
            "eval_ok_recall": 0.7159574468085106,
            "eval_hateful_f1": 0.7089136490250696,
            "eval_hateful_precision": 0.6559278350515464,
            "eval_hateful_recall": 0.7712121212121212,
            "eval_micro_f1": 0.73875,
            "eval_macro_f1": 0.7359760999679565,
            "eval_macro_precision": 0.7363376617431641,
            "eval_macro_recall": 0.7435847520828247,
            "eval_acc": 0.73875,
            "eval_runtime": 3.18,
            "eval_samples_per_second": 503.147,
            "eval_steps_per_second": 31.447,
            "epoch": 5.0
        },
        {
            "eval_loss": 0.7689306139945984,
            "eval_ok_f1": 0.7971175166297118,
            "eval_ok_precision": 0.8321759259259259,
            "eval_ok_recall": 0.7648936170212766,
            "eval_hateful_f1": 0.7378223495702007,
            "eval_hateful_precision": 0.6997282608695652,
            "eval_hateful_recall": 0.7803030303030303,
            "eval_micro_f1": 0.77125,
            "eval_macro_f1": 0.7674699425697327,
            "eval_macro_precision": 0.7659521102905273,
            "eval_macro_recall": 0.7725982666015625,
            "eval_acc": 0.77125,
            "eval_runtime": 3.2936,
            "eval_samples_per_second": 485.788,
            "eval_steps_per_second": 30.362,
            "epoch": 5.0
        },
        {
            "eval_loss": 0.7430853843688965,
            "eval_ok_f1": 0.7822626492325185,
            "eval_ok_precision": 0.8400488400488401,
            "eval_ok_recall": 0.7319148936170212,
            "eval_hateful_f1": 0.7342123525329631,
            "eval_hateful_precision": 0.677336747759283,
            "eval_hateful_recall": 0.8015151515151515,
            "eval_micro_f1": 0.760625,
            "eval_macro_f1": 0.7582374811172485,
            "eval_macro_precision": 0.7586928009986877,
            "eval_macro_recall": 0.7667150497436523,
            "eval_acc": 0.760625,
            "eval_runtime": 3.4678,
            "eval_samples_per_second": 461.382,
            "eval_steps_per_second": 28.836,
            "epoch": 5.0
        }
    ],
    "sentiment": [
        {
            "eval_loss": 0.7829428315162659,
            "eval_neg_f1": 0.7233966956830699,
            "eval_neg_precision": 0.7568773234200743,
            "eval_neg_recall": 0.692752636951344,
            "eval_neu_f1": 0.5320886814469078,
            "eval_neu_precision": 0.49159120310478654,
            "eval_neu_recall": 0.5798575788402849,
            "eval_pos_f1": 0.7403554399653229,
            "eval_pos_precision": 0.7574279379157428,
            "eval_pos_recall": 0.7240356083086054,
            "eval_micro_f1": 0.6723568281938326,
            "eval_macro_f1": 0.665280282497406,
            "eval_macro_precision": 0.6686322093009949,
            "eval_macro_recall": 0.6655486226081848,
            "eval_acc": 0.6723568281938326,
            "eval_runtime": 8.4067,
            "eval_samples_per_second": 864.076,
            "eval_steps_per_second": 27.002,
            "epoch": 5.0
        },
        {
            "eval_loss": 0.8057689070701599,
            "eval_neg_f1": 0.7411444141689374,
            "eval_neg_precision": 0.7419024889191954,
            "eval_neg_recall": 0.7403878870364069,
            "eval_neu_f1": 0.523680981595092,
            "eval_neu_precision": 0.5059269796111902,
            "eval_neu_recall": 0.5427263479145473,
            "eval_pos_f1": 0.7369569962890199,
            "eval_pos_precision": 0.7596759675967597,
            "eval_pos_recall": 0.7155574395930479,
            "eval_micro_f1": 0.6788270925110133,
            "eval_macro_f1": 0.6672608256340027,
            "eval_macro_precision": 0.6691684722900391,
            "eval_macro_recall": 0.6662238836288452,
            "eval_acc": 0.6788270925110133,
            "eval_runtime": 8.8879,
            "eval_samples_per_second": 817.294,
            "eval_steps_per_second": 25.54,
            "epoch": 5.0
        },
        {
            "eval_loss": 0.7679075002670288,
            "eval_neg_f1": 0.7346733668341708,
            "eval_neg_precision": 0.7235235895743979,
            "eval_neg_recall": 0.7461721674038788,
            "eval_neu_f1": 0.517433046993431,
            "eval_neu_precision": 0.5140562248995983,
            "eval_neu_recall": 0.5208545269582909,
            "eval_pos_f1": 0.7352173913043478,
            "eval_pos_precision": 0.7545738509593931,
            "eval_pos_recall": 0.7168291649003815,
            "eval_micro_f1": 0.6756607929515418,
            "eval_macro_f1": 0.6624412536621094,
            "eval_macro_precision": 0.6640512347221375,
            "eval_macro_recall": 0.6612852811813354,
            "eval_acc": 0.6756607929515418,
            "eval_runtime": 8.6263,
            "eval_samples_per_second": 842.081,
            "eval_steps_per_second": 26.315,