{
    "hate": [
        {
            "eval_loss": 1.1222612857818604,
            "eval_ok_f1": 0.8113839285714286,
            "eval_ok_precision": 0.8532863849765259,
            "eval_ok_recall": 0.7734042553191489,
            "eval_hateful_f1": 0.7599431818181817,
            "eval_hateful_precision": 0.7152406417112299,
            "eval_hateful_recall": 0.8106060606060606,
            "eval_micro_f1": 0.7887499999999998,
            "eval_macro_f1": 0.7856635451316833,
            "eval_macro_precision": 0.7842634916305542,
            "eval_macro_recall": 0.792005181312561,
            "eval_acc": 0.78875,
            "eval_runtime": 3.3066,
            "eval_samples_per_second": 483.887,
            "eval_steps_per_second": 30.243,
            "epoch": 5.0
        },
        {
            "eval_loss": 1.2621967792510986,
            "eval_ok_f1": 0.8059360730593607,
            "eval_ok_precision": 0.8694581280788177,
            "eval_ok_recall": 0.7510638297872341,
            "eval_hateful_f1": 0.7651933701657458,
            "eval_hateful_precision": 0.7030456852791879,
            "eval_hateful_recall": 0.8393939393939394,
            "eval_micro_f1": 0.7875,
            "eval_macro_f1": 0.7855647206306458,
            "eval_macro_precision": 0.7862519025802612,
            "eval_macro_recall": 0.7952288389205933,
            "eval_acc": 0.7875,
            "eval_runtime": 3.3196,
            "eval_samples_per_second": 481.982,
            "eval_steps_per_second": 30.124,
            "epoch": 5.0
        },
        {
            "eval_loss": 0.9472110867500305,
            "eval_ok_f1": 0.8081264108352145,
            "eval_ok_precision": 0.8605769230769231,
            "eval_ok_recall": 0.7617021276595745,
            "eval_hateful_f1": 0.7619047619047619,
            "eval_hateful_precision": 0.7083333333333334,
            "eval_hateful_recall": 0.8242424242424242,
            "eval_micro_f1": 0.7875,
            "eval_macro_f1": 0.7850155830383301,
            "eval_macro_precision": 0.7844551205635071,
            "eval_macro_recall": 0.7929722666740417,
            "eval_acc": 0.7875,
            "eval_runtime": 3.306,
            "eval_samples_per_second": 483.967,
            "eval_steps_per_second": 30.248,
            "epoch": 5.0
        }
    ],
    "context_hate": [
        {
            "eval_loss": 0.08131962269544601,
            "eval_calls_f1": 0.6424870466321243,
            "eval_women_f1": 0.417004048582996,
            "eval_lgbti_f1": 0.43195266272189353,
            "eval_racism_f1": 0.6824254881808839,
            "eval_class_f1": 0.5047923322683706,
            "eval_politics_f1": 0.6219931271477663,
            "eval_disabled_f1": 0.5374149659863945,
            "eval_appearance_f1": 0.7333333333333333,
            "eval_criminal_f1": 0.624484181568088,
            "eval_mean_f1": 0.5773208141326904,
            "eval_mean_precision": 0.5782904028892517,
            "eval_mean_recall": 0.5818233489990234,
            "eval_hate_precision": 0.6890278567367822,
            "eval_hate_recall": 0.674457429048414,
            "eval_hate_f1": 0.6816647919010124,
            "eval_runtime": 33.1112,
            "eval_samples_per_second": 342.573,
            "eval_steps_per_second": 21.413
        },
        {
            "eval_loss": 0.08353075385093689,
            "eval_calls_f1": 0.6678383128295254,
            "eval_women_f1": 0.3660886319845857,
            "eval_lgbti_f1": 0.49572649572649574,
            "eval_racism_f1": 0.6659959758551308,
            "eval_class_f1": 0.4794520547945205,
            "eval_politics_f1": 0.6263345195729537,
            "eval_disabled_f1": 0.5664335664335665,
            "eval_appearance_f1": 0.7117008443908324,
            "eval_criminal_f1": 0.6330935251798562,
            "eval_mean_f1": 0.579184889793396,
            "eval_mean_precision": 0.5814071297645569,
            "eval_mean_recall": 0.581560492515564,
            "eval_hate_precision": 0.6697956929872998,
            "eval_hate_recall": 0.6750139120756817,
            "eval_hate_f1": 0.6723946784922394,
            "eval_runtime": 33.1227,
            "eval_samples_per_second": 342.454,
            "eval_steps_per_second": 21.405
        },
        {
            "eval_loss": 0.0820784866809845,
            "eval_calls_f1": 0.6619718309859154,
            "eval_women_f1": 0.422360248447205,
            "eval_lgbti_f1": 0.48484848484848486,
            "eval_racism_f1": 0.6570881226053641,
            "eval_class_f1": 0.49840255591054317,
            "eval_politics_f1": 0.6151260504201681,
            "eval_disabled_f1": 0.5454545454545454,
            "eval_appearance_f1": 0.7351874244256348,
            "eval_criminal_f1": 0.598314606741573,
            "eval_mean_f1": 0.5798615217208862,
            "eval_mean_precision": 0.571730375289917,
            "eval_mean_recall": 0.5934163331985474,
            "eval_hate_precision": 0.6654175588865097,
            "eval_hate_recall": 0.6917084028937117,
            "eval_hate_f1": 0.6783083219645294,
            "eval_runtime": 33.1995,
            "eval_samples_per_second": 341.662,
            "eval_steps_per_second": 21.356
        }
    ],
    "sentiment": [
        {
            "eval_loss": 1.4606071710586548,
            "eval_neg_f1": 0.732519422863485,
            "eval_neg_precision": 0.8025942440210783,
            "eval_neg_recall": 0.6736985369173188,
            "eval_neu_f1": 0.5511909736732135,
            "eval_neu_precision": 0.4677304964539007,
            "eval_neu_recall": 0.6709053916581892,
            "eval_pos_f1": 0.7347785977859779,
            "eval_pos_precision": 0.8057663125948407,
            "eval_pos_recall": 0.6752861381941501,
            "eval_micro_f1": 0.6734581497797357,
            "eval_macro_f1": 0.6728296875953674,
            "eval_macro_precision": 0.6920303702354431,
            "eval_macro_recall": 0.6732966899871826,
            "eval_acc": 0.6734581497797357,
            "eval_runtime": 8.5875,
            "eval_samples_per_second": 845.883,
            "eval_steps_per_second": 26.434,
            "epoch": 5.0
        },
        {
            "eval_loss": 1.4075437784194946,
            "eval_neg_f1": 0.7525129982668978,
            "eval_neg_precision": 0.7668668315083009,
            "eval_neg_recall": 0.7386866281047976,
            "eval_neu_f1": 0.5358659217877095,
            "eval_neu_precision": 0.47787963332004785,
            "eval_neu_recall": 0.6098677517802645,
            "eval_pos_f1": 0.7261265468129816,
            "eval_pos_precision": 0.8082120582120582,
            "eval_pos_recall": 0.6591776176345909,
            "eval_micro_f1": 0.6780011013215859,
            "eval_macro_f1": 0.6715018153190613,
            "eval_macro_precision": 0.6843194961547852,
            "eval_macro_recall": 0.6692439913749695,
            "eval_acc": 0.6780011013215859,
            "eval_runtime": 8.5747,
            "eval_samples_per_second": 847.141,
            "eval_steps_per_second": 26.473,
            "epoch": 5.0
        },
        {
            "eval_loss": 1.5514042377471924,
            "eval_neg_f1": 0.7462739531582684,
            "eval_neg_precision": 0.7797552836484983,
            "eval_neg_recall": 0.7155495066349098,
            "eval_neu_f1": 0.5435851586946804,
            "eval_neu_precision": 0.48484848484848486,
            "eval_neu_recall": 0.6185147507629705,
            "eval_pos_f1": 0.7501131733816206,
            "eval_pos_precision": 0.8047595920349684,
            "eval_pos_recall": 0.7024162780839339,
            "eval_micro_f1": 0.6850220264317181,
            "eval_macro_f1": 0.6799907684326172,
            "eval_macro_precision": 0.6897878646850586,
            "eval_macro_recall": 0.6788268089294434,
            "eval_acc": 0.6850220264317181,
            "eval_runtime": 8.5784,
            "eval_samples_per_second": 846.782,
            "eval_steps_per_second": 26.462,