{
    "context_hate": [
        {
            "eval_loss": 0.07820537686347961,
            "eval_calls_f1": 0.6678635547576303,
            "eval_women_f1": 0.3991031390134529,
            "eval_lgbti_f1": 0.48739495798319327,
            "eval_racism_f1": 0.6612740141557129,
            "eval_class_f1": 0.5263157894736842,
            "eval_politics_f1": 0.647985989492119,
            "eval_disabled_f1": 0.5514705882352942,
            "eval_appearance_f1": 0.7198007471980075,
            "eval_criminal_f1": 0.634074074074074,
            "eval_mean_f1": 0.588364839553833,
            "eval_mean_precision": 0.6093228459358215,
            "eval_mean_recall": 0.574964165687561,
            "eval_hate_precision": 0.7045454545454546,
            "eval_hate_recall": 0.672787979966611,
            "eval_hate_f1": 0.6883005977796756,
            "eval_runtime": 33.5454,
            "eval_samples_per_second": 338.139,
            "eval_steps_per_second": 21.136
        },
        {
            "eval_loss": 0.08129583299160004,
            "eval_calls_f1": 0.679509632224168,
            "eval_women_f1": 0.3931623931623932,
            "eval_lgbti_f1": 0.46760563380281683,
            "eval_racism_f1": 0.6653620352250489,
            "eval_class_f1": 0.5306122448979592,
            "eval_politics_f1": 0.634315424610052,
            "eval_disabled_f1": 0.5535055350553505,
            "eval_appearance_f1": 0.697508896797153,
            "eval_criminal_f1": 0.6244604316546762,
            "eval_mean_f1": 0.5828936100006104,
            "eval_mean_precision": 0.587924599647522,
            "eval_mean_recall": 0.5838711857795715,
            "eval_hate_precision": 0.6778265642151482,
            "eval_hate_recall": 0.6872565386755703,
            "eval_hate_f1": 0.6825089803813208,
            "eval_runtime": 33.5163,
            "eval_samples_per_second": 338.432,
            "eval_steps_per_second": 21.154
        },
        {
            "eval_loss": 0.08010606467723846,
            "eval_calls_f1": 0.6714285714285714,
            "eval_women_f1": 0.4201680672268907,
            "eval_lgbti_f1": 0.46511627906976744,
            "eval_racism_f1": 0.6430678466076696,
            "eval_class_f1": 0.514657980456026,
            "eval_politics_f1": 0.6445993031358884,
            "eval_disabled_f1": 0.5381818181818183,
            "eval_appearance_f1": 0.7306733167082295,
            "eval_criminal_f1": 0.6368876080691642,
            "eval_mean_f1": 0.5849756598472595,
            "eval_mean_precision": 0.5937036871910095,
            "eval_mean_recall": 0.581660270690918,
            "eval_hate_precision": 0.6833802816901409,
            "eval_hate_recall": 0.6750139120756817,
            "eval_hate_f1": 0.6791713325867861,
            "eval_runtime": 33.5647,
            "eval_samples_per_second": 337.944,
            "eval_steps_per_second": 21.123
        }
    ],
    "hate": [
        {
            "eval_loss": 0.9956758618354797,
            "eval_ok_f1": 0.809116809116809,
            "eval_ok_precision": 0.8711656441717791,
            "eval_ok_recall": 0.7553191489361702,
            "eval_hateful_f1": 0.7681660899653979,
            "eval_hateful_precision": 0.7070063694267515,
            "eval_hateful_recall": 0.8409090909090909,
            "eval_micro_f1": 0.790625,
            "eval_macro_f1": 0.7886414527893066,
            "eval_macro_precision": 0.7890859842300415,
            "eval_macro_recall": 0.7981141209602356,
            "eval_acc": 0.790625,
            "eval_runtime": 3.0708,
            "eval_samples_per_second": 521.041,
            "eval_steps_per_second": 32.565,
            "epoch": 5.0
        },
        {
            "eval_loss": 1.2235690355300903,
            "eval_ok_f1": 0.7868656716417911,
            "eval_ok_precision": 0.8965986394557823,
            "eval_ok_recall": 0.701063829787234,
            "eval_hateful_f1": 0.7659016393442623,
            "eval_hateful_precision": 0.6751445086705202,
            "eval_hateful_recall": 0.8848484848484849,
            "eval_micro_f1": 0.776875,
            "eval_macro_f1": 0.776383638381958,
            "eval_macro_precision": 0.7858715653419495,
            "eval_macro_recall": 0.7929561138153076,
            "eval_acc": 0.776875,
            "eval_runtime": 3.0776,
            "eval_samples_per_second": 519.884,
            "eval_steps_per_second": 32.493,
            "epoch": 5.0
        },
        {
            "eval_loss": 0.9573478698730469,
            "eval_ok_f1": 0.7944890929965556,
            "eval_ok_precision": 0.8628428927680798,
            "eval_ok_recall": 0.7361702127659574,
            "eval_hateful_f1": 0.7544581618655694,
            "eval_hateful_precision": 0.6892230576441103,
            "eval_hateful_recall": 0.8333333333333334,
            "eval_micro_f1": 0.7762499999999999,
            "eval_macro_f1": 0.7744736671447754,
            "eval_macro_precision": 0.7760329842567444,
            "eval_macro_recall": 0.7847517728805542,
            "eval_acc": 0.77625,
            "eval_runtime": 3.0834,
            "eval_samples_per_second": 518.91,
            "eval_steps_per_second": 32.432,
            "epoch": 5.0
        }
    ],
    "sentiment": [
        {
            "eval_loss": 0.9867761135101318,
            "eval_neg_f1": 0.7567661952156453,
            "eval_neg_precision": 0.7772596843615495,
            "eval_neg_recall": 0.73732562095951,
            "eval_neu_f1": 0.539743899492631,
            "eval_neu_precision": 0.5140358950759318,
            "eval_neu_recall": 0.5681586978636826,
            "eval_pos_f1": 0.7563277563277565,
            "eval_pos_precision": 0.7655232305688233,
            "eval_pos_recall": 0.7473505722763883,
            "eval_micro_f1": 0.694796255506608,
            "eval_macro_f1": 0.6842792630195618,
            "eval_macro_precision": 0.6856062412261963,
            "eval_macro_recall": 0.6842783093452454,
            "eval_acc": 0.694796255506608,
            "eval_runtime": 9.3549,
            "eval_samples_per_second": 776.488,
            "eval_steps_per_second": 48.531,
            "epoch": 5.0
        },
        {
            "eval_loss": 0.7271645069122314,
            "eval_neg_f1": 0.7657421943136229,
            "eval_neg_precision": 0.7856120257695061,
            "eval_neg_recall": 0.7468526709765226,
            "eval_neu_f1": 0.5495388980846536,
            "eval_neu_precision": 0.5134776844896155,
            "eval_neu_recall": 0.5910478128179044,
            "eval_pos_f1": 0.7577748576434516,
            "eval_pos_precision": 0.7838695061169008,
            "eval_pos_recall": 0.7333615938957185,
            "eval_micro_f1": 0.7003028634361234,
            "eval_macro_f1": 0.6910186409950256,
            "eval_macro_precision": 0.6943197250366211,
            "eval_macro_recall": 0.6904206871986389,
            "eval_acc": 0.7003028634361234,
            "eval_runtime": 9.3597,
            "eval_samples_per_second": 776.097,
            "eval_steps_per_second": 48.506,
            "epoch": 5.0
        },
        {
            "eval_loss": 1.4751253128051758,
            "eval_neg_f1": 0.7535612535612536,
            "eval_neg_precision": 0.7904370564064251,
            "eval_neg_recall": 0.7199727798570943,
            "eval_neu_f1": 0.5396897810218978,
            "eval_neu_precision": 0.489247311827957,
            "eval_neu_recall": 0.6017293997965412,
            "eval_pos_f1": 0.736749116607774,
            "eval_pos_precision": 0.7690179806362379,
            "eval_pos_recall": 0.7070792708774905,
            "eval_micro_f1": 0.6837830396475771,
            "eval_macro_f1": 0.6766667366027832,
            "eval_macro_precision": 0.6829007267951965,
            "eval_macro_recall": 0.6762604713439941,
            "eval_acc": 0.6837830396475771,
            "eval_runtime": 9.2986,
            "eval_samples_per_second": 781.189,
            "eval_steps_per_second": 48.824,