{
    "hate": [
        {
            "eval_loss": 1.1902806758880615,
            "eval_ok_f1": 0.8061573546180161,
            "eval_ok_precision": 0.8685503685503686,
            "eval_ok_recall": 0.752127659574468,
            "eval_hateful_f1": 0.764868603042877,
            "eval_hateful_precision": 0.7035623409669212,
            "eval_hateful_recall": 0.8378787878787879,
            "eval_micro_f1": 0.7875,
            "eval_macro_f1": 0.7855129837989807,
            "eval_macro_precision": 0.7860563397407532,
            "eval_macro_recall": 0.7950031757354736,
            "eval_acc": 0.7875,
            "eval_runtime": 3.347,
            "eval_samples_per_second": 478.044,
            "eval_steps_per_second": 29.878,
            "epoch": 5.0
        },
        {
            "eval_loss": 1.2125580310821533,
            "eval_ok_f1": 0.8,
            "eval_ok_precision": 0.8729559748427673,
            "eval_ok_recall": 0.7382978723404255,
            "eval_hateful_f1": 0.7631399317406143,
            "eval_hateful_precision": 0.6944099378881987,
            "eval_hateful_recall": 0.8469696969696969,
            "eval_micro_f1": 0.783125,
            "eval_macro_f1": 0.7815699577331543,
            "eval_macro_precision": 0.7836829423904419,
            "eval_macro_recall": 0.7926337718963623,
            "eval_acc": 0.783125,
            "eval_runtime": 3.3402,
            "eval_samples_per_second": 479.017,
            "eval_steps_per_second": 29.939,
            "epoch": 5.0
        },
        {
            "eval_loss": 1.445631980895996,
            "eval_ok_f1": 0.7589556769884638,
            "eval_ok_precision": 0.884016973125884,
            "eval_ok_recall": 0.6648936170212766,
            "eval_hateful_f1": 0.7443657437218286,
            "eval_hateful_precision": 0.6472564389697648,
            "eval_hateful_recall": 0.8757575757575757,
            "eval_micro_f1": 0.7518749999999998,
            "eval_macro_f1": 0.7516607046127319,
            "eval_macro_precision": 0.765636682510376,
            "eval_macro_recall": 0.7703256011009216,
            "eval_acc": 0.751875,
            "eval_runtime": 3.3345,
            "eval_samples_per_second": 479.836,
            "eval_steps_per_second": 29.99,
            "epoch": 5.0
        }
    ],
    "context_hate": [
        {
            "eval_loss": 0.07724131643772125,
            "eval_calls_f1": 0.6948853615520282,
            "eval_women_f1": 0.437246963562753,
            "eval_lgbti_f1": 0.4702549575070822,
            "eval_racism_f1": 0.7030303030303031,
            "eval_class_f1": 0.47096774193548385,
            "eval_politics_f1": 0.6048951048951049,
            "eval_disabled_f1": 0.5833333333333333,
            "eval_appearance_f1": 0.7519181585677748,
            "eval_criminal_f1": 0.6579330422125182,
            "eval_mean_f1": 0.5971628427505493,
            "eval_mean_precision": 0.6022369861602783,
            "eval_mean_recall": 0.5964389443397522,
            "eval_hate_precision": 0.7073732718894009,
            "eval_hate_recall": 0.6833611574846967,
            "eval_hate_f1": 0.6951599207472402,
            "eval_runtime": 33.1361,
            "eval_samples_per_second": 342.316,
            "eval_steps_per_second": 21.397
        },
        {
            "eval_loss": 0.07770755141973495,
            "eval_calls_f1": 0.6750448833034112,
            "eval_women_f1": 0.4351297405189621,
            "eval_lgbti_f1": 0.5405405405405405,
            "eval_racism_f1": 0.6965376782077393,
            "eval_class_f1": 0.4850498338870432,
            "eval_politics_f1": 0.6271186440677966,
            "eval_disabled_f1": 0.5806451612903226,
            "eval_appearance_f1": 0.7496855345911949,
            "eval_criminal_f1": 0.6488095238095238,
            "eval_mean_f1": 0.6042845845222473,
            "eval_mean_precision": 0.6093493103981018,
            "eval_mean_recall": 0.6023284792900085,
            "eval_hate_precision": 0.7032221594120972,
            "eval_hate_recall": 0.6922648859209795,
            "eval_hate_f1": 0.6977005047672462,
            "eval_runtime": 33.1394,
            "eval_samples_per_second": 342.281,
            "eval_steps_per_second": 21.394
        },
        {
            "eval_loss": 0.07959619164466858,
            "eval_calls_f1": 0.6618444846292947,
            "eval_women_f1": 0.424124513618677,
            "eval_lgbti_f1": 0.48633879781420764,
            "eval_racism_f1": 0.6797257590597453,
            "eval_class_f1": 0.4967320261437908,
            "eval_politics_f1": 0.6198630136986301,
            "eval_disabled_f1": 0.5703703703703703,
            "eval_appearance_f1": 0.7676767676767677,
            "eval_criminal_f1": 0.6492753623188406,
            "eval_mean_f1": 0.5951057076454163,
            "eval_mean_precision": 0.5963021516799927,
            "eval_mean_recall": 0.5960715413093567,
            "eval_hate_precision": 0.6921797004991681,
            "eval_hate_recall": 0.6944908180300501,
            "eval_hate_f1": 0.6933333333333334,
            "eval_runtime": 33.0523,
            "eval_samples_per_second": 343.184,
            "eval_steps_per_second": 21.451
        }
    ],
    "sentiment": [
        {
            "eval_loss": 1.0250252485275269,
            "eval_neg_f1": 0.7625042531473291,
            "eval_neg_precision": 0.7625042531473291,
            "eval_neg_recall": 0.7625042531473291,
            "eval_neu_f1": 0.5353709637663299,
            "eval_neu_precision": 0.5193687230989957,
            "eval_neu_recall": 0.5523906408952187,
            "eval_pos_f1": 0.7511430437622468,
            "eval_pos_precision": 0.7721575649059982,
            "eval_pos_recall": 0.7312420517168292,
            "eval_micro_f1": 0.6954845814977973,
            "eval_macro_f1": 0.6830060482025146,
            "eval_macro_precision": 0.6846768260002136,
            "eval_macro_recall": 0.6820456385612488,
            "eval_acc": 0.6954845814977973,
            "eval_runtime": 8.5394,
            "eval_samples_per_second": 850.642,
            "eval_steps_per_second": 26.583,
            "epoch": 5.0
        },
        {
            "eval_loss": 1.0351765155792236,
            "eval_neg_f1": 0.7480371163454674,
            "eval_neg_precision": 0.7864915572232646,
            "eval_neg_recall": 0.7131677441306566,
            "eval_neu_f1": 0.5378228782287823,
            "eval_neu_precision": 0.4919831223628692,
            "eval_neu_recall": 0.5930824008138352,
            "eval_pos_f1": 0.7523975588491716,
            "eval_pos_precision": 0.7743382682817407,
            "eval_pos_recall": 0.731665960152607,
            "eval_micro_f1": 0.6866740088105727,
            "eval_macro_f1": 0.679419219493866,
            "eval_macro_precision": 0.6842710375785828,
            "eval_macro_recall": 0.679305374622345,
            "eval_acc": 0.6866740088105727,
            "eval_runtime": 8.5584,
            "eval_samples_per_second": 848.76,
            "eval_steps_per_second": 26.524,
            "epoch": 5.0
        },
        {
            "eval_loss": 0.770150363445282,
            "eval_neg_f1": 0.7439490445859872,
            "eval_neg_precision": 0.7996870109546166,
            "eval_neg_recall": 0.695474651241919,
            "eval_neu_f1": 0.5575164788432916,
            "eval_neu_precision": 0.4789915966386555,
            "eval_neu_recall": 0.6668362156663276,
            "eval_pos_f1": 0.7418013856812933,
            "eval_pos_precision": 0.8148148148148148,
            "eval_pos_recall": 0.6807969478592624,
            "eval_micro_f1": 0.6829570484581498,
            "eval_macro_f1": 0.681088924407959,
            "eval_macro_precision": 0.6978311538696289,
            "eval_macro_recall": 0.6810359358787537,
            "eval_acc": 0.6829570484581498,
            "eval_runtime": 8.5453,
            "eval_samples_per_second": 850.055,
            "eval_steps_per_second": 26.564,