{
    "context_hate": [
        {
            "eval_loss": 0.07886099815368652,
            "eval_calls_f1": 0.6252220248667851,
            "eval_women_f1": 0.44017094017094016,
            "eval_lgbti_f1": 0.4324324324324324,
            "eval_racism_f1": 0.682092555331992,
            "eval_class_f1": 0.5017921146953406,
            "eval_politics_f1": 0.5845070422535211,
            "eval_disabled_f1": 0.5754385964912281,
            "eval_appearance_f1": 0.753968253968254,
            "eval_criminal_f1": 0.6393442622950819,
            "eval_mean_f1": 0.5816631317138672,
            "eval_mean_precision": 0.5999767184257507,
            "eval_mean_recall": 0.5710065364837646,
            "eval_hate_precision": 0.6964285714285714,
            "eval_hate_recall": 0.672787979966611,
            "eval_hate_f1": 0.6844041890744409,
            "eval_runtime": 94.9708,
            "eval_samples_per_second": 119.437,
            "eval_steps_per_second": 7.465
        },
        {
            "eval_loss": 0.07904206216335297,
            "eval_calls_f1": 0.6492146596858638,
            "eval_women_f1": 0.44741873804971316,
            "eval_lgbti_f1": 0.4620253164556962,
            "eval_racism_f1": 0.6954813359528487,
            "eval_class_f1": 0.5070422535211268,
            "eval_politics_f1": 0.6167247386759581,
            "eval_disabled_f1": 0.546875,
            "eval_appearance_f1": 0.7277486910994765,
            "eval_criminal_f1": 0.6507713884992987,
            "eval_mean_f1": 0.5892558097839355,
            "eval_mean_precision": 0.6082004308700562,
            "eval_mean_recall": 0.577341616153717,
            "eval_hate_precision": 0.7009775733179988,
            "eval_hate_recall": 0.6783528102392877,
            "eval_hate_f1": 0.6894796380090498,
            "eval_runtime": 93.9212,
            "eval_samples_per_second": 120.772,
            "eval_steps_per_second": 7.549
        },
        {
            "eval_loss": 0.0783233717083931,
            "eval_calls_f1": 0.6548042704626336,
            "eval_women_f1": 0.4136460554371002,
            "eval_lgbti_f1": 0.4464831804281345,
            "eval_racism_f1": 0.6680040120361084,
            "eval_class_f1": 0.5429553264604811,
            "eval_politics_f1": 0.5962521294718909,
            "eval_disabled_f1": 0.5460750853242321,
            "eval_appearance_f1": 0.7490347490347491,
            "eval_criminal_f1": 0.6584362139917695,
            "eval_mean_f1": 0.5861878991127014,
            "eval_mean_precision": 0.5979292392730713,
            "eval_mean_recall": 0.582839846611023,
            "eval_hate_precision": 0.6888387824126269,
            "eval_hate_recall": 0.6800222593210907,
            "eval_hate_f1": 0.6844021282553906,
            "eval_runtime": 94.4225,
            "eval_samples_per_second": 120.13,
            "eval_steps_per_second": 7.509
        }
    ],
    "sentiment": [
        {
            "eval_loss": 1.032889723777771,
            "eval_neg_f1": 0.7419989272304666,
            "eval_neg_precision": 0.7818387339864356,
            "eval_neg_recall": 0.7060224566178972,
            "eval_neu_f1": 0.5488311120821499,
            "eval_neu_precision": 0.4810417464572961,
            "eval_neu_recall": 0.6388606307222787,
            "eval_pos_f1": 0.7218907755851308,
            "eval_pos_precision": 0.7868934467233617,
            "eval_pos_recall": 0.6668079694785927,
            "eval_micro_f1": 0.6751101321585903,
            "eval_macro_f1": 0.6709069609642029,
            "eval_macro_precision": 0.6832579970359802,
            "eval_macro_recall": 0.6705636978149414,
            "eval_acc": 0.6751101321585903,
            "eval_runtime": 28.0903,
            "eval_samples_per_second": 258.594,
            "eval_steps_per_second": 8.081,
            "epoch": 5.0
        },
        {
            "eval_loss": 1.04249107837677,
            "eval_neg_f1": 0.7502608695652173,
            "eval_neg_precision": 0.767342582710779,
            "eval_neg_recall": 0.7339231030962913,
            "eval_neu_f1": 0.5336236090953071,
            "eval_neu_precision": 0.5087638376383764,
            "eval_neu_recall": 0.5610376398779248,
            "eval_pos_f1": 0.7381567614125752,
            "eval_pos_precision": 0.750109409190372,
            "eval_pos_recall": 0.7265790589232726,
            "eval_micro_f1": 0.6847466960352423,
            "eval_macro_f1": 0.6740137934684753,
            "eval_macro_precision": 0.6754052639007568,
            "eval_macro_recall": 0.6738465428352356,
            "eval_acc": 0.6847466960352423,
            "eval_runtime": 28.0233,
            "eval_samples_per_second": 259.213,
            "eval_steps_per_second": 8.1,
            "epoch": 5.0
        },
        {
            "eval_loss": 1.6686129570007324,
            "eval_neg_f1": 0.7383951061532925,
            "eval_neg_precision": 0.7835051546391752,
            "eval_neg_recall": 0.698196665532494,
            "eval_neu_f1": 0.5450100022227161,
            "eval_neu_precision": 0.48401105408606393,
            "eval_neu_recall": 0.6236012207527976,
            "eval_pos_f1": 0.7304853500335495,
            "eval_pos_precision": 0.7732007575757576,
            "eval_pos_recall": 0.692242475625265,
            "eval_micro_f1": 0.6760737885462555,
            "eval_macro_f1": 0.6712968349456787,
            "eval_macro_precision": 0.6802389621734619,
            "eval_macro_recall": 0.6713468432426453,
            "eval_acc": 0.6760737885462555,
            "eval_runtime": 28.1303,
            "eval_samples_per_second": 258.227,
            "eval_steps_per_second": 8.07,
            "epoch": 5.0
        }
    ],
    "emotion": [
        {
            "eval_loss": 1.625298261642456,
            "eval_others_f1": 0.7513880320789637,
            "eval_others_precision": 0.7670025188916877,
            "eval_others_recall": 0.7363966142684402,
            "eval_joy_f1": 0.6710700132100397,
            "eval_joy_precision": 0.6430379746835443,
            "eval_joy_recall": 0.7016574585635359,
            "eval_sadness_f1": 0.745,
            "eval_sadness_precision": 0.7412935323383084,
            "eval_sadness_recall": 0.7487437185929648,
            "eval_anger_f1": 0.585635359116022,
            "eval_anger_precision": 0.5520833333333334,
            "eval_anger_recall": 0.6235294117647059,
            "eval_surprise_f1": 0.3902439024390244,
            "eval_surprise_precision": 0.43636363636363634,
            "eval_surprise_recall": 0.35294117647058826,
            "eval_disgust_f1": 0.047619047619047616,
            "eval_disgust_precision": 0.1111111111111111,
            "eval_disgust_recall": 0.030303030303030304,
            "eval_fear_f1": 0.5306122448979592,
            "eval_fear_precision": 0.41935483870967744,
            "eval_fear_recall": 0.7222222222222222,
            "eval_micro_f1": 0.6893261776982708,
            "eval_macro_f1": 0.5316526889801025,
            "eval_macro_precision": 0.5243209600448608,
            "eval_macro_recall": 0.5593990683555603,
            "eval_acc": 0.6893261776982708,
            "eval_runtime": 6.6066,
            "eval_samples_per_second": 253.838,
            "eval_steps_per_second": 15.893,
            "epoch": 5.0
        },
        {
            "eval_loss": 1.6661365032196045,
            "eval_others_f1": 0.7567901234567901,
            "eval_others_precision": 0.7730138713745272,
            "eval_others_recall": 0.7412333736396615,
            "eval_joy_f1": 0.6807387862796833,
            "eval_joy_precision": 0.6515151515151515,
            "eval_joy_recall": 0.712707182320442,
            "eval_sadness_f1": 0.7593052109181141,
            "eval_sadness_precision": 0.75,
            "eval_sadness_recall": 0.7688442211055276,
            "eval_anger_f1": 0.6,
            "eval_anger_precision": 0.5428571428571428,
            "eval_anger_recall": 0.6705882352941176,