{
    "context_hate": [
        {
            "eval_loss": 0.08149804174900055,
            "eval_calls_f1": 0.6469565217391303,
            "eval_women_f1": 0.4250474383301708,
            "eval_lgbti_f1": 0.4406779661016949,
            "eval_racism_f1": 0.6793206793206792,
            "eval_class_f1": 0.46621621621621623,
            "eval_politics_f1": 0.6185567010309279,
            "eval_disabled_f1": 0.5441696113074205,
            "eval_appearance_f1": 0.7146282973621103,
            "eval_criminal_f1": 0.6306306306306306,
            "eval_mean_f1": 0.574022650718689,
            "eval_mean_precision": 0.5737402439117432,
            "eval_mean_recall": 0.5790188908576965,
            "eval_hate_precision": 0.6683087027914614,
            "eval_hate_recall": 0.679465776293823,
            "eval_hate_f1": 0.673841059602649,
            "eval_runtime": 33.4428,
            "eval_samples_per_second": 339.176,
            "eval_steps_per_second": 21.2
        },
        {
            "eval_loss": 0.07911061495542526,
            "eval_calls_f1": 0.6666666666666666,
            "eval_women_f1": 0.4096385542168674,
            "eval_lgbti_f1": 0.4598930481283422,
            "eval_racism_f1": 0.7098703888334994,
            "eval_class_f1": 0.48135593220338985,
            "eval_politics_f1": 0.6380165289256199,
            "eval_disabled_f1": 0.55,
            "eval_appearance_f1": 0.7367119901112484,
            "eval_criminal_f1": 0.6432748538011696,
            "eval_mean_f1": 0.5883809328079224,
            "eval_mean_precision": 0.5878422856330872,
            "eval_mean_recall": 0.5922685861587524,
            "eval_hate_precision": 0.695,
            "eval_hate_recall": 0.6961602671118531,
            "eval_hate_f1": 0.69557964970809,
            "eval_runtime": 33.2541,
            "eval_samples_per_second": 341.101,
            "eval_steps_per_second": 21.321
        },
        {
            "eval_loss": 0.07827892154455185,
            "eval_calls_f1": 0.6642984014209592,
            "eval_women_f1": 0.42399999999999993,
            "eval_lgbti_f1": 0.4804804804804805,
            "eval_racism_f1": 0.6692607003891051,
            "eval_class_f1": 0.50814332247557,
            "eval_politics_f1": 0.6205733558178752,
            "eval_disabled_f1": 0.5663082437275986,
            "eval_appearance_f1": 0.7439490445859872,
            "eval_criminal_f1": 0.6497890295358649,
            "eval_mean_f1": 0.5918669104576111,
            "eval_mean_precision": 0.5956290364265442,
            "eval_mean_recall": 0.5935770273208618,
            "eval_hate_precision": 0.6910206358059119,
            "eval_hate_recall": 0.6894824707846411,
            "eval_hate_f1": 0.6902506963788302,
            "eval_runtime": 33.2972,
            "eval_samples_per_second": 340.659,
            "eval_steps_per_second": 21.293
        }
    ],
    "hate": [
        {
            "eval_loss": 1.1434534788131714,
            "eval_ok_f1": 0.7936507936507936,
            "eval_ok_precision": 0.8869908015768725,
            "eval_ok_recall": 0.7180851063829787,
            "eval_hateful_f1": 0.7658438959306204,
            "eval_hateful_precision": 0.6841477949940405,
            "eval_hateful_recall": 0.8696969696969697,
            "eval_micro_f1": 0.780625,
            "eval_macro_f1": 0.7797473669052124,
            "eval_macro_precision": 0.7855693101882935,
            "eval_macro_recall": 0.7938910722732544,
            "eval_acc": 0.780625,
            "eval_runtime": 3.0155,
            "eval_samples_per_second": 530.594,
            "eval_steps_per_second": 33.162,
            "epoch": 5.0
        },
        {
            "eval_loss": 1.210961937904358,
            "eval_ok_f1": 0.7651006711409396,
            "eval_ok_precision": 0.8969957081545065,
            "eval_ok_recall": 0.6670212765957447,
            "eval_hateful_f1": 0.7533632286995516,
            "eval_hateful_precision": 0.6526082130965594,
            "eval_hateful_recall": 0.8909090909090909,
            "eval_micro_f1": 0.759375,
            "eval_macro_f1": 0.7592319250106812,
            "eval_macro_precision": 0.7748019695281982,
            "eval_macro_recall": 0.778965175151825,
            "eval_acc": 0.759375,
            "eval_runtime": 3.0411,
            "eval_samples_per_second": 526.117,
            "eval_steps_per_second": 32.882,
            "epoch": 5.0
        },
        {
            "eval_loss": 1.1718693971633911,
            "eval_ok_f1": 0.7995365005793743,
            "eval_ok_precision": 0.8778625954198473,
            "eval_ok_recall": 0.7340425531914894,
            "eval_hateful_f1": 0.7652645861601084,
            "eval_hateful_precision": 0.6928746928746928,
            "eval_hateful_recall": 0.8545454545454545,
            "eval_micro_f1": 0.78375,
            "eval_macro_f1": 0.7824005484580994,
            "eval_macro_precision": 0.7853686213493347,
            "eval_macro_recall": 0.794293999671936,
            "eval_acc": 0.78375,
            "eval_runtime": 3.0212,
            "eval_samples_per_second": 529.589,
            "eval_steps_per_second": 33.099,
            "epoch": 5.0
        }
    ],
    "sentiment": [
        {
            "eval_loss": 1.559019684791565,
            "eval_neg_f1": 0.7493761140819964,
            "eval_neg_precision": 0.7869711718457506,
            "eval_neg_recall": 0.715209254848588,
            "eval_neu_f1": 0.5440438156093109,
            "eval_neu_precision": 0.49337748344370863,
            "eval_neu_recall": 0.6063072227873856,
            "eval_pos_f1": 0.7455908289241622,
            "eval_pos_precision": 0.776757005052825,
            "eval_pos_recall": 0.7168291649003815,
            "eval_micro_f1": 0.6862610132158591,
            "eval_macro_f1": 0.6796702742576599,
            "eval_macro_precision": 0.685701847076416,
            "eval_macro_recall": 0.6794486045837402,
            "eval_acc": 0.6862610132158591,
            "eval_runtime": 9.2799,
            "eval_samples_per_second": 782.769,
            "eval_steps_per_second": 48.923,
            "epoch": 5.0
        },
        {
            "eval_loss": 0.7312659621238708,
            "eval_neg_f1": 0.7677353342428378,
            "eval_neg_precision": 0.7695726495726496,
            "eval_neg_recall": 0.7659067710105478,
            "eval_neu_f1": 0.5462721893491124,
            "eval_neu_precision": 0.5108455068614431,
            "eval_neu_recall": 0.5869786368260427,
            "eval_pos_f1": 0.7506195088984006,
            "eval_pos_precision": 0.8009615384615385,
            "eval_pos_recall": 0.7062314540059347,
            "eval_micro_f1": 0.6981002202643172,
            "eval_macro_f1": 0.688209056854248,
            "eval_macro_precision": 0.6937932372093201,
            "eval_macro_recall": 0.6863722801208496,
            "eval_acc": 0.6981002202643172,
            "eval_runtime": 9.2446,
            "eval_samples_per_second": 785.759,
            "eval_steps_per_second": 49.11,
            "epoch": 5.0
        },
        {
            "eval_loss": 0.7796126008033752,
            "eval_neg_f1": 0.756900212314225,
            "eval_neg_precision": 0.7884260965720604,
            "eval_neg_recall": 0.7277985709424974,
            "eval_neu_f1": 0.5562102286118312,
            "eval_neu_precision": 0.51822573561704,
            "eval_neu_recall": 0.6002034587995931,
            "eval_pos_f1": 0.7619253183682279,
            "eval_pos_precision": 0.776165347405453,
            "eval_pos_recall": 0.748198389147944,
            "eval_micro_f1": 0.6998898678414097,
            "eval_macro_f1": 0.691678524017334,
            "eval_macro_precision": 0.6942723393440247,
            "eval_macro_recall": 0.6920668482780457,
            "eval_acc": 0.6998898678414097,
            "eval_runtime": 9.3517,
            "eval_samples_per_second": 776.761,
            "eval_steps_per_second": 48.548,
            "epoch": 5.0
        }
    ],