{
    "hate": [
        {
            "eval_loss": 0.9094529747962952,
            "eval_ok_f1": 0.8144499178981939,
            "eval_ok_precision": 0.8387824126268321,
            "eval_ok_recall": 0.7914893617021277,
            "eval_hateful_f1": 0.7530954115076475,
            "eval_hateful_precision": 0.7251051893408135,
            "eval_hateful_recall": 0.7833333333333333,
            "eval_micro_f1": 0.788125,
            "eval_macro_f1": 0.7837726473808289,
            "eval_macro_precision": 0.7819437980651855,
            "eval_macro_recall": 0.7874113321304321,
            "eval_acc": 0.788125,
            "eval_runtime": 3.6926,
            "eval_samples_per_second": 433.3,
            "eval_steps_per_second": 27.081,
            "epoch": 5.0
        },
        {
            "eval_loss": 1.2557930946350098,
            "eval_ok_f1": 0.7819025522041764,
            "eval_ok_precision": 0.8596938775510204,
            "eval_ok_recall": 0.7170212765957447,
            "eval_hateful_f1": 0.7452574525745259,
            "eval_hateful_precision": 0.6740196078431373,
            "eval_hateful_recall": 0.8333333333333334,
            "eval_micro_f1": 0.765,
            "eval_macro_f1": 0.7635799646377563,
            "eval_macro_precision": 0.7668567895889282,
            "eval_macro_recall": 0.7751772999763489,
            "eval_acc": 0.765,
            "eval_runtime": 3.6576,
            "eval_samples_per_second": 437.445,
            "eval_steps_per_second": 27.34,
            "epoch": 5.0
        },
        {
            "eval_loss": 1.2167693376541138,
            "eval_ok_f1": 0.7724301841948901,
            "eval_ok_precision": 0.8748317631224765,
            "eval_ok_recall": 0.6914893617021277,
            "eval_hateful_f1": 0.7475280158206987,
            "eval_hateful_precision": 0.661610268378063,
            "eval_hateful_recall": 0.8590909090909091,
            "eval_micro_f1": 0.760625,
            "eval_macro_f1": 0.7599791288375854,
            "eval_macro_precision": 0.7682210206985474,
            "eval_macro_recall": 0.7752901315689087,
            "eval_acc": 0.760625,
            "eval_runtime": 3.6466,
            "eval_samples_per_second": 438.767,
            "eval_steps_per_second": 27.423,
            "epoch": 5.0
        }
    ],
    "context_hate": [
        {
            "eval_loss": 0.07885860651731491,
            "eval_calls_f1": 0.6524064171122994,
            "eval_women_f1": 0.44827586206896547,
            "eval_lgbti_f1": 0.4342507645259938,
            "eval_racism_f1": 0.6764397905759162,
            "eval_class_f1": 0.4844290657439447,
            "eval_politics_f1": 0.6212914485165795,
            "eval_disabled_f1": 0.5304659498207885,
            "eval_appearance_f1": 0.7503267973856208,
            "eval_criminal_f1": 0.6326241134751772,
            "eval_mean_f1": 0.5811678171157837,
            "eval_mean_precision": 0.6053497791290283,
            "eval_mean_recall": 0.5648391246795654,
            "eval_hate_precision": 0.7075919335705813,
            "eval_hate_recall": 0.6638842515303284,
            "eval_hate_f1": 0.6850416307780649,
            "eval_runtime": 94.5184,
            "eval_samples_per_second": 120.008,
            "eval_steps_per_second": 7.501
        },
        {
            "eval_loss": 0.08056416362524033,
            "eval_calls_f1": 0.6596858638743456,
            "eval_women_f1": 0.4439918533604888,
            "eval_lgbti_f1": 0.4733727810650888,
            "eval_racism_f1": 0.668639053254438,
            "eval_class_f1": 0.47840531561461797,
            "eval_politics_f1": 0.6148648648648649,
            "eval_disabled_f1": 0.5384615384615385,
            "eval_appearance_f1": 0.7211055276381909,
            "eval_criminal_f1": 0.6394557823129251,
            "eval_mean_f1": 0.5819980502128601,
            "eval_mean_precision": 0.5823162794113159,
            "eval_mean_recall": 0.5873056650161743,
            "eval_hate_precision": 0.6796703296703297,
            "eval_hate_recall": 0.6883695047301057,
            "eval_hate_f1": 0.6839922587779929,
            "eval_runtime": 94.2935,
            "eval_samples_per_second": 120.295,
            "eval_steps_per_second": 7.519
        },
        {
            "eval_loss": 0.07879877090454102,
            "eval_calls_f1": 0.6797153024911032,
            "eval_women_f1": 0.47200000000000003,
            "eval_lgbti_f1": 0.4188790560471976,
            "eval_racism_f1": 0.670020120724346,
            "eval_class_f1": 0.48344370860927155,
            "eval_politics_f1": 0.6285714285714287,
            "eval_disabled_f1": 0.5675675675675675,
            "eval_appearance_f1": 0.7467700258397933,
            "eval_criminal_f1": 0.6531165311653117,
            "eval_mean_f1": 0.5911204218864441,
            "eval_mean_precision": 0.5912376046180725,
            "eval_mean_recall": 0.5963695645332336,
            "eval_hate_precision": 0.6882255389718076,
            "eval_hate_recall": 0.6928213689482471,
            "eval_hate_f1": 0.6905158069883528,
            "eval_runtime": 94.8567,
            "eval_samples_per_second": 119.58,
            "eval_steps_per_second": 7.474
        }
    ],
    "sentiment": [
        {
            "eval_loss": 1.0549832582473755,
            "eval_neg_f1": 0.7320189850310332,
            "eval_neg_precision": 0.7896809767625049,
            "eval_neg_recall": 0.6822048315753658,
            "eval_neu_f1": 0.5304046242774567,
            "eval_neu_precision": 0.4862229758372192,
            "eval_neu_recall": 0.5834181078331638,
            "eval_pos_f1": 0.7445502645502646,
            "eval_pos_precision": 0.7434488588334742,
            "eval_pos_recall": 0.7456549385332768,
            "eval_micro_f1": 0.6760737885462555,
            "eval_macro_f1": 0.6689913272857666,
            "eval_macro_precision": 0.6731176376342773,
            "eval_macro_recall": 0.6704259514808655,
            "eval_acc": 0.6760737885462555,
            "eval_runtime": 28.0017,
            "eval_samples_per_second": 259.412,
            "eval_steps_per_second": 8.107,
            "epoch": 5.0
        },
        {
            "eval_loss": 0.9926493167877197,
            "eval_neg_f1": 0.7522482807265033,
            "eval_neg_precision": 0.7807467057101025,
            "eval_neg_recall": 0.7257570602245662,
            "eval_neu_f1": 0.5470240799636529,
            "eval_neu_precision": 0.4942528735632184,
            "eval_neu_recall": 0.612410986775178,
            "eval_pos_f1": 0.7456790123456791,
            "eval_pos_precision": 0.7924618320610687,
            "eval_pos_recall": 0.7041119118270454,
            "eval_micro_f1": 0.6880506607929515,
            "eval_macro_f1": 0.6816504597663879,
            "eval_macro_precision": 0.6891538500785828,
            "eval_macro_recall": 0.6807599663734436,
            "eval_acc": 0.6880506607929515,
            "eval_runtime": 28.1445,
            "eval_samples_per_second": 258.097,
            "eval_steps_per_second": 8.066,
            "epoch": 5.0
        },
        {
            "eval_loss": 0.7792366743087769,
            "eval_neg_f1": 0.7134776672518042,
            "eval_neg_precision": 0.8359232175502742,
            "eval_neg_recall": 0.6223205171827152,
            "eval_neu_f1": 0.5596274549503948,
            "eval_neu_precision": 0.46485031954254963,
            "eval_neu_recall": 0.7029501525940997,
            "eval_pos_f1": 0.750784401613626,
            "eval_pos_precision": 0.7964812173086068,
            "eval_pos_recall": 0.7100466299279355,
            "eval_micro_f1": 0.6726321585903083,
            "eval_macro_f1": 0.6746298670768738,
            "eval_macro_precision": 0.6990849375724792,
            "eval_macro_recall": 0.6784391403198242,
            "eval_acc": 0.6726321585903083,
            "eval_runtime": 28.065,
            "eval_samples_per_second": 258.828,
            "eval_steps_per_second": 8.088,